PassengerId,Survived,Pclass,Sex,Age,SibSp,Parch,Fare,Embarked
1,0.0,3,male,22.0,1,0,7.25,S
2,1.0,1,female,38.0,1,0,71.2833,C
3,1.0,3,female,26.0,0,0,7.925,S
4,1.0,1,female,35.0,1,0,53.1,S
5,0.0,3,male,35.0,0,0,8.05,S
6,0.0,3,male,28.0,0,0,8.4583,Q
7,0.0,1,male,54.0,0,0,51.8625,S
8,0.0,3,male,2.0,3,1,21.075,S
9,1.0,3,female,27.0,0,2,11.1333,S
10,1.0,2,female,14.0,1,0,30.0708,C
11,1.0,3,female,4.0,1,1,16.7,S
12,1.0,1,female,58.0,0,0,26.55,S
13,0.0,3,male,20.0,0,0,8.05,S
14,0.0,3,male,39.0,1,5,31.275,S
15,0.0,3,female,14.0,0,0,7.8542,S
16,1.0,2,female,55.0,0,0,16.0,S
17,0.0,3,male,2.0,4,1,29.125,Q
18,1.0,2,male,28.0,0,0,13.0,S
19,0.0,3,female,31.0,1,0,18.0,S
20,1.0,3,female,28.0,0,0,7.225,C
21,0.0,2,male,35.0,0,0,26.0,S
22,1.0,2,male,34.0,0,0,13.0,S
23,1.0,3,female,15.0,0,0,8.0292,Q
24,1.0,1,male,28.0,0,0,35.5,S
25,0.0,3,female,8.0,3,1,21.075,S
26,1.0,3,female,38.0,1,5,31.3875,S
27,0.0,3,male,28.0,0,0,7.225,C
28,0.0,1,male,19.0,3,2,263.0,S
29,1.0,3,female,28.0,0,0,7.8792,Q
30,0.0,3,male,28.0,0,0,7.8958,S
31,0.0,1,male,40.0,0,0,27.7208,C
32,1.0,1,female,28.0,1,0,146.5208,C
33,1.0,3,female,28.0,0,0,7.75,Q
34,0.0,2,male,66.0,0,0,10.5,S
35,0.0,1,male,28.0,1,0,82.1708,C
36,0.0,1,male,42.0,1,0,52.0,S
37,1.0,3,male,28.0,0,0,7.2292,C
38,0.0,3,male,21.0,0,0,8.05,S
39,0.0,3,female,18.0,2,0,18.0,S
40,1.0,3,female,14.0,1,0,11.2417,C
41,0.0,3,female,40.0,1,0,9.475,S
42,0.0,2,female,27.0,1,0,21.0,S
43,0.0,3,male,28.0,0,0,7.8958,C
44,1.0,2,female,3.0,1,2,41.5792,C
45,1.0,3,female,19.0,0,0,7.8792,Q
46,0.0,3,male,28.0,0,0,8.05,S
47,0.0,3,male,28.0,1,0,15.5,Q
48,1.0,3,female,28.0,0,0,7.75,Q
49,0.0,3,male,28.0,2,0,21.6792,C
50,0.0,3,female,18.0,1,0,17.8,S
51,0.0,3,male,7.0,4,1,39.6875,S
52,0.0,3,male,21.0,0,0,7.8,S
53,1.0,1,female,49.0,1,0,76.7292,C
54,1.0,2,female,29.0,1,0,26.0,S
55,0.0,1,male,65.0,0,1,61.9792,C
56,1.0,1,male,28.0,0,0,35.5,S
57,1.0,2,female,21.0,0,0,10.5,S
58,0.0,3,male,28.5,0,0,7.2292,C
59,1.0,2,female,5.0,1,2,27.75,S
60,0.0,3,male,11.0,5,2,46.9,S
61,0.0,3,male,22.0,0,0,7.2292,C
62,1.0,1,female,38.0,0,0,80.0,S
63,0.0,1,male,45.0,1,0,83.475,S
64,0.0,3,male,4.0,3,2,27.9,S
65,0.0,1,male,28.0,0,0,27.7208,C
66,1.0,3,male,28.0,1,1,15.2458,C
67,1.0,2,female,29.0,0,0,10.5,S
68,0.0,3,male,19.0,0,0,8.1583,S
69,1.0,3,female,17.0,4,2,7.925,S
70,0.0,3,male,26.0,2,0,8.6625,S
71,0.0,2,male,32.0,0,0,10.5,S
72,0.0,3,female,16.0,5,2,46.9,S
73,0.0,2,male,21.0,0,0,73.5,S
74,0.0,3,male,26.0,1,0,14.4542,C
75,1.0,3,male,32.0,0,0,56.4958,S
76,0.0,3,male,25.0,0,0,7.65,S
77,0.0,3,male,28.0,0,0,7.8958,S
78,0.0,3,male,28.0,0,0,8.05,S
79,1.0,2,male,0.83,0,2,29.0,S
80,1.0,3,female,30.0,0,0,12.475,S
81,0.0,3,male,22.0,0,0,9.0,S
82,1.0,3,male,29.0,0,0,9.5,S
83,1.0,3,female,28.0,0,0,7.7875,Q
84,0.0,1,male,28.0,0,0,47.1,S
85,1.0,2,female,17.0,0,0,10.5,S
86,1.0,3,female,33.0,3,0,15.85,S
87,0.0,3,male,16.0,1,3,34.375,S
88,0.0,3,male,28.0,0,0,8.05,S
89,1.0,1,female,23.0,3,2,263.0,S
90,0.0,3,male,24.0,0,0,8.05,S
91,0.0,3,male,29.0,0,0,8.05,S
92,0.0,3,male,20.0,0,0,7.8542,S
93,0.0,1,male,46.0,1,0,61.175,S
94,0.0,3,male,26.0,1,2,20.575,S
95,0.0,3,male,59.0,0,0,7.25,S
96,0.0,3,male,28.0,0,0,8.05,S
97,0.0,1,male,71.0,0,0,34.6542,C
98,1.0,1,male,23.0,0,1,63.3583,C
99,1.0,2,female,34.0,0,1,23.0,S
100,0.0,2,male,34.0,1,0,26.0,S
101,0.0,3,female,28.0,0,0,7.8958,S
102,0.0,3,male,28.0,0,0,7.8958,S
103,0.0,1,male,21.0,0,1,77.2875,S
104,0.0,3,male,33.0,0,0,8.6542,S
105,0.0,3,male,37.0,2,0,7.925,S
106,0.0,3,male,28.0,0,0,7.8958,S
107,1.0,3,female,21.0,0,0,7.65,S
108,1.0,3,male,28.0,0,0,7.775,S
109,0.0,3,male,38.0,0,0,7.8958,S
110,1.0,3,female,28.0,1,0,24.15,Q
111,0.0,1,male,47.0,0,0,52.0,S
112,0.0,3,female,14.5,1,0,14.4542,C
113,0.0,3,male,22.0,0,0,8.05,S
114,0.0,3,female,20.0,1,0,9.825,S
115,0.0,3,female,17.0,0,0,14.4583,C
116,0.0,3,male,21.0,0,0,7.925,S
117,0.0,3,male,70.5,0,0,7.75,Q
118,0.0,2,male,29.0,1,0,21.0,S
119,0.0,1,male,24.0,0,1,247.5208,C
120,0.0,3,female,2.0,4,2,31.275,S
121,0.0,2,male,21.0,2,0,73.5,S
122,0.0,3,male,28.0,0,0,8.05,S
123,0.0,2,male,32.5,1,0,30.0708,C
124,1.0,2,female,32.5,0,0,13.0,S
125,0.0,1,male,54.0,0,1,77.2875,S
126,1.0,3,male,12.0,1,0,11.2417,C
127,0.0,3,male,28.0,0,0,7.75,Q
128,1.0,3,male,24.0,0,0,7.1417,S
129,1.0,3,female,28.0,1,1,22.3583,C
130,0.0,3,male,45.0,0,0,6.975,S
131,0.0,3,male,33.0,0,0,7.8958,C
132,0.0,3,male,20.0,0,0,7.05,S
133,0.0,3,female,47.0,1,0,14.5,S
134,1.0,2,female,29.0,1,0,26.0,S
135,0.0,2,male,25.0,0,0,13.0,S
136,0.0,2,male,23.0,0,0,15.0458,C
137,1.0,1,female,19.0,0,2,26.2833,S
138,0.0,1,male,37.0,1,0,53.1,S
139,0.0,3,male,16.0,0,0,9.2167,S
140,0.0,1,male,24.0,0,0,79.2,C
141,0.0,3,female,28.0,0,2,15.2458,C
142,1.0,3,female,22.0,0,0,7.75,S
143,1.0,3,female,24.0,1,0,15.85,S
144,0.0,3,male,19.0,0,0,6.75,Q
145,0.0,2,male,18.0,0,0,11.5,S
146,0.0,2,male,19.0,1,1,36.75,S
147,1.0,3,male,27.0,0,0,7.7958,S
148,0.0,3,female,9.0,2,2,34.375,S
149,0.0,2,male,36.5,0,2,26.0,S
150,0.0,2,male,42.0,0,0,13.0,S
151,0.0,2,male,51.0,0,0,12.525,S
152,1.0,1,female,22.0,1,0,66.6,S
153,0.0,3,male,55.5,0,0,8.05,S
154,0.0,3,male,40.5,0,2,14.5,S
155,0.0,3,male,28.0,0,0,7.3125,S
156,0.0,1,male,51.0,0,1,61.3792,C
157,1.0,3,female,16.0,0,0,7.7333,Q
158,0.0,3,male,30.0,0,0,8.05,S
159,0.0,3,male,28.0,0,0,8.6625,S
160,0.0,3,male,28.0,8,2,69.55,S
161,0.0,3,male,44.0,0,1,16.1,S
162,1.0,2,female,40.0,0,0,15.75,S
163,0.0,3,male,26.0,0,0,7.775,S
164,0.0,3,male,17.0,0,0,8.6625,S
165,0.0,3,male,1.0,4,1,39.6875,S
166,1.0,3,male,9.0,0,2,20.525,S
167,1.0,1,female,28.0,0,1,55.0,S
168,0.0,3,female,45.0,1,4,27.9,S
169,0.0,1,male,28.0,0,0,25.925,S
170,0.0,3,male,28.0,0,0,56.4958,S
171,0.0,1,male,61.0,0,0,33.5,S
172,0.0,3,male,4.0,4,1,29.125,Q
173,1.0,3,female,1.0,1,1,11.1333,S
174,0.0,3,male,21.0,0,0,7.925,S
175,0.0,1,male,56.0,0,0,30.6958,C
176,0.0,3,male,18.0,1,1,7.8542,S
177,0.0,3,male,28.0,3,1,25.4667,S
178,0.0,1,female,50.0,0,0,28.7125,C
179,0.0,2,male,30.0,0,0,13.0,S
180,0.0,3,male,36.0,0,0,0.0,S
181,0.0,3,female,28.0,8,2,69.55,S
182,0.0,2,male,28.0,0,0,15.05,C
183,0.0,3,male,9.0,4,2,31.3875,S
184,1.0,2,male,1.0,2,1,39.0,S
185,1.0,3,female,4.0,0,2,22.025,S
186,0.0,1,male,28.0,0,0,50.0,S
187,1.0,3,female,28.0,1,0,15.5,Q
188,1.0,1,male,45.0,0,0,26.55,S
189,0.0,3,male,40.0,1,1,15.5,Q
190,0.0,3,male,36.0,0,0,7.8958,S
191,1.0,2,female,32.0,0,0,13.0,S
192,0.0,2,male,19.0,0,0,13.0,S
193,1.0,3,female,19.0,1,0,7.8542,S
194,1.0,2,male,3.0,1,1,26.0,S
195,1.0,1,female,44.0,0,0,27.7208,C
196,1.0,1,female,58.0,0,0,146.5208,C
197,0.0,3,male,28.0,0,0,7.75,Q
198,0.0,3,male,42.0,0,1,8.4042,S
199,1.0,3,female,28.0,0,0,7.75,Q
200,0.0,2,female,24.0,0,0,13.0,S
201,0.0,3,male,28.0,0,0,9.5,S
202,0.0,3,male,28.0,8,2,69.55,S
203,0.0,3,male,34.0,0,0,6.4958,S
204,0.0,3,male,45.5,0,0,7.225,C
205,1.0,3,male,18.0,0,0,8.05,S
206,0.0,3,female,2.0,0,1,10.4625,S
207,0.0,3,male,32.0,1,0,15.85,S
208,1.0,3,male,26.0,0,0,18.7875,C
209,1.0,3,female,16.0,0,0,7.75,Q
210,1.0,1,male,40.0,0,0,31.0,C
211,0.0,3,male,24.0,0,0,7.05,S
212,1.0,2,female,35.0,0,0,21.0,S
213,0.0,3,male,22.0,0,0,7.25,S
214,0.0,2,male,30.0,0,0,13.0,S
215,0.0,3,male,28.0,1,0,7.75,Q
216,1.0,1,female,31.0,1,0,113.275,C
217,1.0,3,female,27.0,0,0,7.925,S
218,0.0,2,male,42.0,1,0,27.0,S
219,1.0,1,female,32.0,0,0,76.2917,C
220,0.0,2,male,30.0,0,0,10.5,S
221,1.0,3,male,16.0,0,0,8.05,S
222,0.0,2,male,27.0,0,0,13.0,S
223,0.0,3,male,51.0,0,0,8.05,S
224,0.0,3,male,28.0,0,0,7.8958,S
225,1.0,1,male,38.0,1,0,90.0,S
226,0.0,3,male,22.0,0,0,9.35,S
227,1.0,2,male,19.0,0,0,10.5,S
228,0.0,3,male,20.5,0,0,7.25,S
229,0.0,2,male,18.0,0,0,13.0,S
230,0.0,3,female,28.0,3,1,25.4667,S
231,1.0,1,female,35.0,1,0,83.475,S
232,0.0,3,male,29.0,0,0,7.775,S
233,0.0,2,male,59.0,0,0,13.5,S
234,1.0,3,female,5.0,4,2,31.3875,S
235,0.0,2,male,24.0,0,0,10.5,S
236,0.0,3,female,28.0,0,0,7.55,S
237,0.0,2,male,44.0,1,0,26.0,S
238,1.0,2,female,8.0,0,2,26.25,S
239,0.0,2,male,19.0,0,0,10.5,S
240,0.0,2,male,33.0,0,0,12.275,S
241,0.0,3,female,28.0,1,0,14.4542,C
242,1.0,3,female,28.0,1,0,15.5,Q
243,0.0,2,male,29.0,0,0,10.5,S
244,0.0,3,male,22.0,0,0,7.125,S
245,0.0,3,male,30.0,0,0,7.225,C
246,0.0,1,male,44.0,2,0,90.0,Q
247,0.0,3,female,25.0,0,0,7.775,S
248,1.0,2,female,24.0,0,2,14.5,S
249,1.0,1,male,37.0,1,1,52.5542,S
250,0.0,2,male,54.0,1,0,26.0,S
251,0.0,3,male,28.0,0,0,7.25,S
252,0.0,3,female,29.0,1,1,10.4625,S
253,0.0,1,male,62.0,0,0,26.55,S
254,0.0,3,male,30.0,1,0,16.1,S
255,0.0,3,female,41.0,0,2,20.2125,S
256,1.0,3,female,29.0,0,2,15.2458,C
257,1.0,1,female,28.0,0,0,79.2,C
258,1.0,1,female,30.0,0,0,86.5,S
259,1.0,1,female,35.0,0,0,512.3292,C
260,1.0,2,female,50.0,0,1,26.0,S
261,0.0,3,male,28.0,0,0,7.75,Q
262,1.0,3,male,3.0,4,2,31.3875,S
263,0.0,1,male,52.0,1,1,79.65,S
264,0.0,1,male,40.0,0,0,0.0,S
265,0.0,3,female,28.0,0,0,7.75,Q
266,0.0,2,male,36.0,0,0,10.5,S
267,0.0,3,male,16.0,4,1,39.6875,S
268,1.0,3,male,25.0,1,0,7.775,S
269,1.0,1,female,58.0,0,1,153.4625,S
270,1.0,1,female,35.0,0,0,135.6333,S
271,0.0,1,male,28.0,0,0,31.0,S
272,1.0,3,male,25.0,0,0,0.0,S
273,1.0,2,female,41.0,0,1,19.5,S
274,0.0,1,male,37.0,0,1,29.7,C
275,1.0,3,female,28.0,0,0,7.75,Q
276,1.0,1,female,63.0,1,0,77.9583,S
277,0.0,3,female,45.0,0,0,7.75,S
278,0.0,2,male,28.0,0,0,0.0,S
279,0.0,3,male,7.0,4,1,29.125,Q
280,1.0,3,female,35.0,1,1,20.25,S
281,0.0,3,male,65.0,0,0,7.75,Q
282,0.0,3,male,28.0,0,0,7.8542,S
283,0.0,3,male,16.0,0,0,9.5,S
284,1.0,3,male,19.0,0,0,8.05,S
285,0.0,1,male,28.0,0,0,26.0,S
286,0.0,3,male,33.0,0,0,8.6625,C
287,1.0,3,male,30.0,0,0,9.5,S
288,0.0,3,male,22.0,0,0,7.8958,S
289,1.0,2,male,42.0,0,0,13.0,S
290,1.0,3,female,22.0,0,0,7.75,Q
291,1.0,1,female,26.0,0,0,78.85,S
292,1.0,1,female,19.0,1,0,91.0792,C
293,0.0,2,male,36.0,0,0,12.875,C
294,0.0,3,female,24.0,0,0,8.85,S
295,0.0,3,male,24.0,0,0,7.8958,S
296,0.0,1,male,28.0,0,0,27.7208,C
297,0.0,3,male,23.5,0,0,7.2292,C
298,0.0,1,female,2.0,1,2,151.55,S
299,1.0,1,male,28.0,0,0,30.5,S
300,1.0,1,female,50.0,0,1,247.5208,C
301,1.0,3,female,28.0,0,0,7.75,Q
302,1.0,3,male,28.0,2,0,23.25,Q
303,0.0,3,male,19.0,0,0,0.0,S
304,1.0,2,female,28.0,0,0,12.35,Q
305,0.0,3,male,28.0,0,0,8.05,S
306,1.0,1,male,0.92,1,2,151.55,S
307,1.0,1,female,28.0,0,0,110.8833,C
308,1.0,1,female,17.0,1,0,108.9,C
309,0.0,2,male,30.0,1,0,24.0,C
310,1.0,1,female,30.0,0,0,56.9292,C
311,1.0,1,female,24.0,0,0,83.1583,C
312,1.0,1,female,18.0,2,2,262.375,C
313,0.0,2,female,26.0,1,1,26.0,S
314,0.0,3,male,28.0,0,0,7.8958,S
315,0.0,2,male,43.0,1,1,26.25,S
316,1.0,3,female,26.0,0,0,7.8542,S
317,1.0,2,female,24.0,1,0,26.0,S
318,0.0,2,male,54.0,0,0,14.0,S
319,1.0,1,female,31.0,0,2,164.8667,S
320,1.0,1,female,40.0,1,1,134.5,C
321,0.0,3,male,22.0,0,0,7.25,S
322,0.0,3,male,27.0,0,0,7.8958,S
323,1.0,2,female,30.0,0,0,12.35,Q
324,1.0,2,female,22.0,1,1,29.0,S
325,0.0,3,male,28.0,8,2,69.55,S
326,1.0,1,female,36.0,0,0,135.6333,C
327,0.0,3,male,61.0,0,0,6.2375,S
328,1.0,2,female,36.0,0,0,13.0,S
329,1.0,3,female,31.0,1,1,20.525,S
330,1.0,1,female,16.0,0,1,57.9792,C
331,1.0,3,female,28.0,2,0,23.25,Q
332,0.0,1,male,45.5,0,0,28.5,S
333,0.0,1,male,38.0,0,1,153.4625,S
334,0.0,3,male,16.0,2,0,18.0,S
335,1.0,1,female,28.0,1,0,133.65,S
336,0.0,3,male,28.0,0,0,7.8958,S
337,0.0,1,male,29.0,1,0,66.6,S
338,1.0,1,female,41.0,0,0,134.5,C
339,1.0,3,male,45.0,0,0,8.05,S
340,0.0,1,male,45.0,0,0,35.5,S
341,1.0,2,male,2.0,1,1,26.0,S
342,1.0,1,female,24.0,3,2,263.0,S
343,0.0,2,male,28.0,0,0,13.0,S
344,0.0,2,male,25.0,0,0,13.0,S
345,0.0,2,male,36.0,0,0,13.0,S
346,1.0,2,female,24.0,0,0,13.0,S
347,1.0,2,female,40.0,0,0,13.0,S
348,1.0,3,female,28.0,1,0,16.1,S
349,1.0,3,male,3.0,1,1,15.9,S
350,0.0,3,male,42.0,0,0,8.6625,S
351,0.0,3,male,23.0,0,0,9.225,S
352,0.0,1,male,28.0,0,0,35.0,S
353,0.0,3,male,15.0,1,1,7.2292,C
354,0.0,3,male,25.0,1,0,17.8,S
355,0.0,3,male,28.0,0,0,7.225,C
356,0.0,3,male,28.0,0,0,9.5,S
357,1.0,1,female,22.0,0,1,55.0,S
358,0.0,2,female,38.0,0,0,13.0,S
359,1.0,3,female,28.0,0,0,7.8792,Q
360,1.0,3,female,28.0,0,0,7.8792,Q
361,0.0,3,male,40.0,1,4,27.9,S
362,0.0,2,male,29.0,1,0,27.7208,C
363,0.0,3,female,45.0,0,1,14.4542,C
364,0.0,3,male,35.0,0,0,7.05,S
365,0.0,3,male,28.0,1,0,15.5,Q
366,0.0,3,male,30.0,0,0,7.25,S
367,1.0,1,female,60.0,1,0,75.25,C
368,1.0,3,female,28.0,0,0,7.2292,C
369,1.0,3,female,28.0,0,0,7.75,Q
370,1.0,1,female,24.0,0,0,69.3,C
371,1.0,1,male,25.0,1,0,55.4417,C
372,0.0,3,male,18.0,1,0,6.4958,S
373,0.0,3,male,19.0,0,0,8.05,S
374,0.0,1,male,22.0,0,0,135.6333,C
375,0.0,3,female,3.0,3,1,21.075,S
376,1.0,1,female,28.0,1,0,82.1708,C
377,1.0,3,female,22.0,0,0,7.25,S
378,0.0,1,male,27.0,0,2,211.5,C
379,0.0,3,male,20.0,0,0,4.0125,C
380,0.0,3,male,19.0,0,0,7.775,S
381,1.0,1,female,42.0,0,0,227.525,C
382,1.0,3,female,1.0,0,2,15.7417,C
383,0.0,3,male,32.0,0,0,7.925,S
384,1.0,1,female,35.0,1,0,52.0,S
385,0.0,3,male,28.0,0,0,7.8958,S
386,0.0,2,male,18.0,0,0,73.5,S
387,0.0,3,male,1.0,5,2,46.9,S
388,1.0,2,female,36.0,0,0,13.0,S
389,0.0,3,male,28.0,0,0,7.7292,Q
390,1.0,2,female,17.0,0,0,12.0,C
391,1.0,1,male,36.0,1,2,120.0,S
392,1.0,3,male,21.0,0,0,7.7958,S
393,0.0,3,male,28.0,2,0,7.925,S
394,1.0,1,female,23.0,1,0,113.275,C
395,1.0,3,female,24.0,0,2,16.7,S
396,0.0,3,male,22.0,0,0,7.7958,S
397,0.0,3,female,31.0,0,0,7.8542,S
398,0.0,2,male,46.0,0,0,26.0,S
399,0.0,2,male,23.0,0,0,10.5,S
400,1.0,2,female,28.0,0,0,12.65,S
401,1.0,3,male,39.0,0,0,7.925,S
402,0.0,3,male,26.0,0,0,8.05,S
403,0.0,3,female,21.0,1,0,9.825,S
404,0.0,3,male,28.0,1,0,15.85,S
405,0.0,3,female,20.0,0,0,8.6625,S
406,0.0,2,male,34.0,1,0,21.0,S
407,0.0,3,male,51.0,0,0,7.75,S
408,1.0,2,male,3.0,1,1,18.75,S
409,0.0,3,male,21.0,0,0,7.775,S
410,0.0,3,female,28.0,3,1,25.4667,S
411,0.0,3,male,28.0,0,0,7.8958,S
412,0.0,3,male,28.0,0,0,6.8583,Q
413,1.0,1,female,33.0,1,0,90.0,Q
414,0.0,2,male,28.0,0,0,0.0,S
415,1.0,3,male,44.0,0,0,7.925,S
416,0.0,3,female,28.0,0,0,8.05,S
417,1.0,2,female,34.0,1,1,32.5,S
418,1.0,2,female,18.0,0,2,13.0,S
419,0.0,2,male,30.0,0,0,13.0,S
420,0.0,3,female,10.0,0,2,24.15,S
421,0.0,3,male,28.0,0,0,7.8958,C
422,0.0,3,male,21.0,0,0,7.7333,Q
423,0.0,3,male,29.0,0,0,7.875,S
424,0.0,3,female,28.0,1,1,14.4,S
425,0.0,3,male,18.0,1,1,20.2125,S
426,0.0,3,male,28.0,0,0,7.25,S
427,1.0,2,female,28.0,1,0,26.0,S
428,1.0,2,female,19.0,0,0,26.0,S
429,0.0,3,male,28.0,0,0,7.75,Q
430,1.0,3,male,32.0,0,0,8.05,S
431,1.0,1,male,28.0,0,0,26.55,S
432,1.0,3,female,28.0,1,0,16.1,S
433,1.0,2,female,42.0,1,0,26.0,S
434,0.0,3,male,17.0,0,0,7.125,S
435,0.0,1,male,50.0,1,0,55.9,S
436,1.0,1,female,14.0,1,2,120.0,S
437,0.0,3,female,21.0,2,2,34.375,S
438,1.0,2,female,24.0,2,3,18.75,S
439,0.0,1,male,64.0,1,4,263.0,S
440,0.0,2,male,31.0,0,0,10.5,S
441,1.0,2,female,45.0,1,1,26.25,S
442,0.0,3,male,20.0,0,0,9.5,S
443,0.0,3,male,25.0,1,0,7.775,S
444,1.0,2,female,28.0,0,0,13.0,S
445,1.0,3,male,28.0,0,0,8.1125,S
446,1.0,1,male,4.0,0,2,81.8583,S
447,1.0,2,female,13.0,0,1,19.5,S
448,1.0,1,male,34.0,0,0,26.55,S
449,1.0,3,female,5.0,2,1,19.2583,C
450,1.0,1,male,52.0,0,0,30.5,S
451,0.0,2,male,36.0,1,2,27.75,S
452,0.0,3,male,28.0,1,0,19.9667,S
453,0.0,1,male,30.0,0,0,27.75,C
454,1.0,1,male,49.0,1,0,89.1042,C
455,0.0,3,male,28.0,0,0,8.05,S
456,1.0,3,male,29.0,0,0,7.8958,C
457,0.0,1,male,65.0,0,0,26.55,S
458,1.0,1,female,28.0,1,0,51.8625,S
459,1.0,2,female,50.0,0,0,10.5,S
460,0.0,3,male,28.0,0,0,7.75,Q
461,1.0,1,male,48.0,0,0,26.55,S
462,0.0,3,male,34.0,0,0,8.05,S
463,0.0,1,male,47.0,0,0,38.5,S
464,0.0,2,male,48.0,0,0,13.0,S
465,0.0,3,male,28.0,0,0,8.05,S
466,0.0,3,male,38.0,0,0,7.05,S
467,0.0,2,male,28.0,0,0,0.0,S
468,0.0,1,male,56.0,0,0,26.55,S
469,0.0,3,male,28.0,0,0,7.725,Q
470,1.0,3,female,0.75,2,1,19.2583,C
471,0.0,3,male,28.0,0,0,7.25,S
472,0.0,3,male,38.0,0,0,8.6625,S
473,1.0,2,female,33.0,1,2,27.75,S
474,1.0,2,female,23.0,0,0,13.7917,C
475,0.0,3,female,22.0,0,0,9.8375,S
476,0.0,1,male,28.0,0,0,52.0,S
477,0.0,2,male,34.0,1,0,21.0,S
478,0.0,3,male,29.0,1,0,7.0458,S
479,0.0,3,male,22.0,0,0,7.5208,S
480,1.0,3,female,2.0,0,1,12.2875,S
481,0.0,3,male,9.0,5,2,46.9,S
482,0.0,2,male,28.0,0,0,0.0,S
483,0.0,3,male,50.0,0,0,8.05,S
484,1.0,3,female,63.0,0,0,9.5875,S
485,1.0,1,male,25.0,1,0,91.0792,C
486,0.0,3,female,28.0,3,1,25.4667,S
487,1.0,1,female,35.0,1,0,90.0,S
488,0.0,1,male,58.0,0,0,29.7,C
489,0.0,3,male,30.0,0,0,8.05,S
490,1.0,3,male,9.0,1,1,15.9,S
491,0.0,3,male,28.0,1,0,19.9667,S
492,0.0,3,male,21.0,0,0,7.25,S
493,0.0,1,male,55.0,0,0,30.5,S
494,0.0,1,male,71.0,0,0,49.5042,C
495,0.0,3,male,21.0,0,0,8.05,S
496,0.0,3,male,28.0,0,0,14.4583,C
497,1.0,1,female,54.0,1,0,78.2667,C
498,0.0,3,male,28.0,0,0,15.1,S
499,0.0,1,female,25.0,1,2,151.55,S
500,0.0,3,male,24.0,0,0,7.7958,S
501,0.0,3,male,17.0,0,0,8.6625,S
502,0.0,3,female,21.0,0,0,7.75,Q
503,0.0,3,female,28.0,0,0,7.6292,Q
504,0.0,3,female,37.0,0,0,9.5875,S
505,1.0,1,female,16.0,0,0,86.5,S
506,0.0,1,male,18.0,1,0,108.9,C
507,1.0,2,female,33.0,0,2,26.0,S
508,1.0,1,male,28.0,0,0,26.55,S
509,0.0,3,male,28.0,0,0,22.525,S
510,1.0,3,male,26.0,0,0,56.4958,S
511,1.0,3,male,29.0,0,0,7.75,Q
512,0.0,3,male,28.0,0,0,8.05,S
513,1.0,1,male,36.0,0,0,26.2875,S
514,1.0,1,female,54.0,1,0,59.4,C
515,0.0,3,male,24.0,0,0,7.4958,S
516,0.0,1,male,47.0,0,0,34.0208,S
517,1.0,2,female,34.0,0,0,10.5,S
518,0.0,3,male,28.0,0,0,24.15,Q
519,1.0,2,female,36.0,1,0,26.0,S
520,0.0,3,male,32.0,0,0,7.8958,S
521,1.0,1,female,30.0,0,0,93.5,S
522,0.0,3,male,22.0,0,0,7.8958,S
523,0.0,3,male,28.0,0,0,7.225,C
524,1.0,1,female,44.0,0,1,57.9792,C
525,0.0,3,male,28.0,0,0,7.2292,C
526,0.0,3,male,40.5,0,0,7.75,Q
527,1.0,2,female,50.0,0,0,10.5,S
528,0.0,1,male,28.0,0,0,221.7792,S
529,0.0,3,male,39.0,0,0,7.925,S
530,0.0,2,male,23.0,2,1,11.5,S
531,1.0,2,female,2.0,1,1,26.0,S
532,0.0,3,male,28.0,0,0,7.2292,C
533,0.0,3,male,17.0,1,1,7.2292,C
534,1.0,3,female,28.0,0,2,22.3583,C
535,0.0,3,female,30.0,0,0,8.6625,S
536,1.0,2,female,7.0,0,2,26.25,S
537,0.0,1,male,45.0,0,0,26.55,S
538,1.0,1,female,30.0,0,0,106.425,C
539,0.0,3,male,28.0,0,0,14.5,S
540,1.0,1,female,22.0,0,2,49.5,C
541,1.0,1,female,36.0,0,2,71.0,S
542,0.0,3,female,9.0,4,2,31.275,S
543,0.0,3,female,11.0,4,2,31.275,S
544,1.0,2,male,32.0,1,0,26.0,S
545,0.0,1,male,50.0,1,0,106.425,C
546,0.0,1,male,64.0,0,0,26.0,S
547,1.0,2,female,19.0,1,0,26.0,S
548,1.0,2,male,28.0,0,0,13.8625,C
549,0.0,3,male,33.0,1,1,20.525,S
550,1.0,2,male,8.0,1,1,36.75,S
551,1.0,1,male,17.0,0,2,110.8833,C
552,0.0,2,male,27.0,0,0,26.0,S
553,0.0,3,male,28.0,0,0,7.8292,Q
554,1.0,3,male,22.0,0,0,7.225,C
555,1.0,3,female,22.0,0,0,7.775,S
556,0.0,1,male,62.0,0,0,26.55,S
557,1.0,1,female,48.0,1,0,39.6,C
558,0.0,1,male,28.0,0,0,227.525,C
559,1.0,1,female,39.0,1,1,79.65,S
560,1.0,3,female,36.0,1,0,17.4,S
561,0.0,3,male,28.0,0,0,7.75,Q
562,0.0,3,male,40.0,0,0,7.8958,S
563,0.0,2,male,28.0,0,0,13.5,S
564,0.0,3,male,28.0,0,0,8.05,S
565,0.0,3,female,28.0,0,0,8.05,S
566,0.0,3,male,24.0,2,0,24.15,S
567,0.0,3,male,19.0,0,0,7.8958,S
568,0.0,3,female,29.0,0,4,21.075,S
569,0.0,3,male,28.0,0,0,7.2292,C
570,1.0,3,male,32.0,0,0,7.8542,S
571,1.0,2,male,62.0,0,0,10.5,S
572,1.0,1,female,53.0,2,0,51.4792,S
573,1.0,1,male,36.0,0,0,26.3875,S
574,1.0,3,female,28.0,0,0,7.75,Q
575,0.0,3,male,16.0,0,0,8.05,S
576,0.0,3,male,19.0,0,0,14.5,S
577,1.0,2,female,34.0,0,0,13.0,S
578,1.0,1,female,39.0,1,0,55.9,S
579,0.0,3,female,28.0,1,0,14.4583,C
580,1.0,3,male,32.0,0,0,7.925,S
581,1.0,2,female,25.0,1,1,30.0,S
582,1.0,1,female,39.0,1,1,110.8833,C
583,0.0,2,male,54.0,0,0,26.0,S
584,0.0,1,male,36.0,0,0,40.125,C
585,0.0,3,male,28.0,0,0,8.7125,C
586,1.0,1,female,18.0,0,2,79.65,S
587,0.0,2,male,47.0,0,0,15.0,S
588,1.0,1,male,60.0,1,1,79.2,C
589,0.0,3,male,22.0,0,0,8.05,S
590,0.0,3,male,28.0,0,0,8.05,S
591,0.0,3,male,35.0,0,0,7.125,S
592,1.0,1,female,52.0,1,0,78.2667,C
593,0.0,3,male,47.0,0,0,7.25,S
594,0.0,3,female,28.0,0,2,7.75,Q
595,0.0,2,male,37.0,1,0,26.0,S
596,0.0,3,male,36.0,1,1,24.15,S
597,1.0,2,female,28.0,0,0,33.0,S
598,0.0,3,male,49.0,0,0,0.0,S
599,0.0,3,male,28.0,0,0,7.225,C
600,1.0,1,male,49.0,1,0,56.9292,C
601,1.0,2,female,24.0,2,1,27.0,S
602,0.0,3,male,28.0,0,0,7.8958,S
603,0.0,1,male,28.0,0,0,42.4,S
604,0.0,3,male,44.0,0,0,8.05,S
605,1.0,1,male,35.0,0,0,26.55,C
606,0.0,3,male,36.0,1,0,15.55,S
607,0.0,3,male,30.0,0,0,7.8958,S
608,1.0,1,male,27.0,0,0,30.5,S
609,1.0,2,female,22.0,1,2,41.5792,C
610,1.0,1,female,40.0,0,0,153.4625,S
611,0.0,3,female,39.0,1,5,31.275,S
612,0.0,3,male,28.0,0,0,7.05,S
613,1.0,3,female,28.0,1,0,15.5,Q
614,0.0,3,male,28.0,0,0,7.75,Q
615,0.0,3,male,35.0,0,0,8.05,S
616,1.0,2,female,24.0,1,2,65.0,S
617,0.0,3,male,34.0,1,1,14.4,S
618,0.0,3,female,26.0,1,0,16.1,S
619,1.0,2,female,4.0,2,1,39.0,S
620,0.0,2,male,26.0,0,0,10.5,S
621,0.0,3,male,27.0,1,0,14.4542,C
622,1.0,1,male,42.0,1,0,52.5542,S
623,1.0,3,male,20.0,1,1,15.7417,C
624,0.0,3,male,21.0,0,0,7.8542,S
625,0.0,3,male,21.0,0,0,16.1,S
626,0.0,1,male,61.0,0,0,32.3208,S
627,0.0,2,male,57.0,0,0,12.35,Q
628,1.0,1,female,21.0,0,0,77.9583,S
629,0.0,3,male,26.0,0,0,7.8958,S
630,0.0,3,male,28.0,0,0,7.7333,Q
631,1.0,1,male,80.0,0,0,30.0,S
632,0.0,3,male,51.0,0,0,7.0542,S
633,1.0,1,male,32.0,0,0,30.5,C
634,0.0,1,male,28.0,0,0,0.0,S
635,0.0,3,female,9.0,3,2,27.9,S
636,1.0,2,female,28.0,0,0,13.0,S
637,0.0,3,male,32.0,0,0,7.925,S
638,0.0,2,male,31.0,1,1,26.25,S
639,0.0,3,female,41.0,0,5,39.6875,S
640,0.0,3,male,28.0,1,0,16.1,S
641,0.0,3,male,20.0,0,0,7.8542,S
642,1.0,1,female,24.0,0,0,69.3,C
643,0.0,3,female,2.0,3,2,27.9,S
644,1.0,3,male,28.0,0,0,56.4958,S
645,1.0,3,female,0.75,2,1,19.2583,C
646,1.0,1,male,48.0,1,0,76.7292,C
647,0.0,3,male,19.0,0,0,7.8958,S
648,1.0,1,male,56.0,0,0,35.5,C
649,0.0,3,male,28.0,0,0,7.55,S
650,1.0,3,female,23.0,0,0,7.55,S
651,0.0,3,male,28.0,0,0,7.8958,S
652,1.0,2,female,18.0,0,1,23.0,S
653,0.0,3,male,21.0,0,0,8.4333,S
654,1.0,3,female,28.0,0,0,7.8292,Q
655,0.0,3,female,18.0,0,0,6.75,Q
656,0.0,2,male,24.0,2,0,73.5,S
657,0.0,3,male,28.0,0,0,7.8958,S
658,0.0,3,female,32.0,1,1,15.5,Q
659,0.0,2,male,23.0,0,0,13.0,S
660,0.0,1,male,58.0,0,2,113.275,C
661,1.0,1,male,50.0,2,0,133.65,S
662,0.0,3,male,40.0,0,0,7.225,C
663,0.0,1,male,47.0,0,0,25.5875,S
664,0.0,3,male,36.0,0,0,7.4958,S
665,1.0,3,male,20.0,1,0,7.925,S
666,0.0,2,male,32.0,2,0,73.5,S
667,0.0,2,male,25.0,0,0,13.0,S
668,0.0,3,male,28.0,0,0,7.775,S
669,0.0,3,male,43.0,0,0,8.05,S
670,1.0,1,female,28.0,1,0,52.0,S
671,1.0,2,female,40.0,1,1,39.0,S
672,0.0,1,male,31.0,1,0,52.0,S
673,0.0,2,male,70.0,0,0,10.5,S
674,1.0,2,male,31.0,0,0,13.0,S
675,0.0,2,male,28.0,0,0,0.0,S
676,0.0,3,male,18.0,0,0,7.775,S
677,0.0,3,male,24.5,0,0,8.05,S
678,1.0,3,female,18.0,0,0,9.8417,S
679,0.0,3,female,43.0,1,6,46.9,S
680,1.0,1,male,36.0,0,1,512.3292,C
681,0.0,3,female,28.0,0,0,8.1375,Q
682,1.0,1,male,27.0,0,0,76.7292,C
683,0.0,3,male,20.0,0,0,9.225,S
684,0.0,3,male,14.0,5,2,46.9,S
685,0.0,2,male,60.0,1,1,39.0,S
686,0.0,2,male,25.0,1,2,41.5792,C
687,0.0,3,male,14.0,4,1,39.6875,S
688,0.0,3,male,19.0,0,0,10.1708,S
689,0.0,3,male,18.0,0,0,7.7958,S
690,1.0,1,female,15.0,0,1,211.3375,S
691,1.0,1,male,31.0,1,0,57.0,S
692,1.0,3,female,4.0,0,1,13.4167,C
693,1.0,3,male,28.0,0,0,56.4958,S
694,0.0,3,male,25.0,0,0,7.225,C
695,0.0,1,male,60.0,0,0,26.55,S
696,0.0,2,male,52.0,0,0,13.5,S
697,0.0,3,male,44.0,0,0,8.05,S
698,1.0,3,female,28.0,0,0,7.7333,Q
699,0.0,1,male,49.0,1,1,110.8833,C
700,0.0,3,male,42.0,0,0,7.65,S
701,1.0,1,female,18.0,1,0,227.525,C
702,1.0,1,male,35.0,0,0,26.2875,S
703,0.0,3,female,18.0,0,1,14.4542,C
704,0.0,3,male,25.0,0,0,7.7417,Q
705,0.0,3,male,26.0,1,0,7.8542,S
706,0.0,2,male,39.0,0,0,26.0,S
707,1.0,2,female,45.0,0,0,13.5,S
708,1.0,1,male,42.0,0,0,26.2875,S
709,1.0,1,female,22.0,0,0,151.55,S
710,1.0,3,male,28.0,1,1,15.2458,C
711,1.0,1,female,24.0,0,0,49.5042,C
712,0.0,1,male,28.0,0,0,26.55,S
713,1.0,1,male,48.0,1,0,52.0,S
714,0.0,3,male,29.0,0,0,9.4833,S
715,0.0,2,male,52.0,0,0,13.0,S
716,0.0,3,male,19.0,0,0,7.65,S
717,1.0,1,female,38.0,0,0,227.525,C
718,1.0,2,female,27.0,0,0,10.5,S
719,0.0,3,male,28.0,0,0,15.5,Q
720,0.0,3,male,33.0,0,0,7.775,S
721,1.0,2,female,6.0,0,1,33.0,S
722,0.0,3,male,17.0,1,0,7.0542,S
723,0.0,2,male,34.0,0,0,13.0,S
724,0.0,2,male,50.0,0,0,13.0,S
725,1.0,1,male,27.0,1,0,53.1,S
726,0.0,3,male,20.0,0,0,8.6625,S
727,1.0,2,female,30.0,3,0,21.0,S
728,1.0,3,female,28.0,0,0,7.7375,Q
729,0.0,2,male,25.0,1,0,26.0,S
730,0.0,3,female,25.0,1,0,7.925,S
731,1.0,1,female,29.0,0,0,211.3375,S
732,0.0,3,male,11.0,0,0,18.7875,C
733,0.0,2,male,28.0,0,0,0.0,S
734,0.0,2,male,23.0,0,0,13.0,S
735,0.0,2,male,23.0,0,0,13.0,S
736,0.0,3,male,28.5,0,0,16.1,S
737,0.0,3,female,48.0,1,3,34.375,S
738,1.0,1,male,35.0,0,0,512.3292,C
739,0.0,3,male,28.0,0,0,7.8958,S
740,0.0,3,male,28.0,0,0,7.8958,S
741,1.0,1,male,28.0,0,0,30.0,S
742,0.0,1,male,36.0,1,0,78.85,S
743,1.0,1,female,21.0,2,2,262.375,C
744,0.0,3,male,24.0,1,0,16.1,S
745,1.0,3,male,31.0,0,0,7.925,S
746,0.0,1,male,70.0,1,1,71.0,S
747,0.0,3,male,16.0,1,1,20.25,S
748,1.0,2,female,30.0,0,0,13.0,S
749,0.0,1,male,19.0,1,0,53.1,S
750,0.0,3,male,31.0,0,0,7.75,Q
751,1.0,2,female,4.0,1,1,23.0,S
752,1.0,3,male,6.0,0,1,12.475,S
753,0.0,3,male,33.0,0,0,9.5,S
754,0.0,3,male,23.0,0,0,7.8958,S
755,1.0,2,female,48.0,1,2,65.0,S
756,1.0,2,male,0.67,1,1,14.5,S
757,0.0,3,male,28.0,0,0,7.7958,S
758,0.0,2,male,18.0,0,0,11.5,S
759,0.0,3,male,34.0,0,0,8.05,S
760,1.0,1,female,33.0,0,0,86.5,S
761,0.0,3,male,28.0,0,0,14.5,S
762,0.0,3,male,41.0,0,0,7.125,S
763,1.0,3,male,20.0,0,0,7.2292,C
764,1.0,1,female,36.0,1,2,120.0,S
765,0.0,3,male,16.0,0,0,7.775,S
766,1.0,1,female,51.0,1,0,77.9583,S
767,0.0,1,male,28.0,0,0,39.6,C
768,0.0,3,female,30.5,0,0,7.75,Q
769,0.0,3,male,28.0,1,0,24.15,Q
770,0.0,3,male,32.0,0,0,8.3625,S
771,0.0,3,male,24.0,0,0,9.5,S
772,0.0,3,male,48.0,0,0,7.8542,S
773,0.0,2,female,57.0,0,0,10.5,S
774,0.0,3,male,28.0,0,0,7.225,C
775,1.0,2,female,54.0,1,3,23.0,S
776,0.0,3,male,18.0,0,0,7.75,S
777,0.0,3,male,28.0,0,0,7.75,Q
778,1.0,3,female,5.0,0,0,12.475,S
779,0.0,3,male,28.0,0,0,7.7375,Q
780,1.0,1,female,43.0,0,1,211.3375,S
781,1.0,3,female,13.0,0,0,7.2292,C
782,1.0,1,female,17.0,1,0,57.0,S
783,0.0,1,male,29.0,0,0,30.0,S
784,0.0,3,male,28.0,1,2,23.45,S
785,0.0,3,male,25.0,0,0,7.05,S
786,0.0,3,male,25.0,0,0,7.25,S
787,1.0,3,female,18.0,0,0,7.4958,S
788,0.0,3,male,8.0,4,1,29.125,Q
789,1.0,3,male,1.0,1,2,20.575,S
790,0.0,1,male,46.0,0,0,79.2,C
791,0.0,3,male,28.0,0,0,7.75,Q
792,0.0,2,male,16.0,0,0,26.0,S
793,0.0,3,female,28.0,8,2,69.55,S
794,0.0,1,male,28.0,0,0,30.6958,C
795,0.0,3,male,25.0,0,0,7.8958,S
796,0.0,2,male,39.0,0,0,13.0,S
797,1.0,1,female,49.0,0,0,25.9292,S
798,1.0,3,female,31.0,0,0,8.6833,S
799,0.0,3,male,30.0,0,0,7.2292,C
800,0.0,3,female,30.0,1,1,24.15,S
801,0.0,2,male,34.0,0,0,13.0,S
802,1.0,2,female,31.0,1,1,26.25,S
803,1.0,1,male,11.0,1,2,120.0,S
804,1.0,3,male,0.42,0,1,8.5167,C
805,1.0,3,male,27.0,0,0,6.975,S
806,0.0,3,male,31.0,0,0,7.775,S
807,0.0,1,male,39.0,0,0,0.0,S
808,0.0,3,female,18.0,0,0,7.775,S
809,0.0,2,male,39.0,0,0,13.0,S
810,1.0,1,female,33.0,1,0,53.1,S
811,0.0,3,male,26.0,0,0,7.8875,S
812,0.0,3,male,39.0,0,0,24.15,S
813,0.0,2,male,35.0,0,0,10.5,S
814,0.0,3,female,6.0,4,2,31.275,S
815,0.0,3,male,30.5,0,0,8.05,S
816,0.0,1,male,28.0,0,0,0.0,S
817,0.0,3,female,23.0,0,0,7.925,S
818,0.0,2,male,31.0,1,1,37.0042,C
819,0.0,3,male,43.0,0,0,6.45,S
820,0.0,3,male,10.0,3,2,27.9,S
821,1.0,1,female,52.0,1,1,93.5,S
822,1.0,3,male,27.0,0,0,8.6625,S
823,0.0,1,male,38.0,0,0,0.0,S
824,1.0,3,female,27.0,0,1,12.475,S
825,0.0,3,male,2.0,4,1,39.6875,S
826,0.0,3,male,28.0,0,0,6.95,Q
827,0.0,3,male,28.0,0,0,56.4958,S
828,1.0,2,male,1.0,0,2,37.0042,C
829,1.0,3,male,28.0,0,0,7.75,Q
830,1.0,1,female,62.0,0,0,80.0,S
831,1.0,3,female,15.0,1,0,14.4542,C
832,1.0,2,male,0.83,1,1,18.75,S
833,0.0,3,male,28.0,0,0,7.2292,C
834,0.0,3,male,23.0,0,0,7.8542,S
835,0.0,3,male,18.0,0,0,8.3,S
836,1.0,1,female,39.0,1,1,83.1583,C
837,0.0,3,male,21.0,0,0,8.6625,S
838,0.0,3,male,28.0,0,0,8.05,S
839,1.0,3,male,32.0,0,0,56.4958,S
840,1.0,1,male,28.0,0,0,29.7,C
841,0.0,3,male,20.0,0,0,7.925,S
842,0.0,2,male,16.0,0,0,10.5,S
843,1.0,1,female,30.0,0,0,31.0,C
844,0.0,3,male,34.5,0,0,6.4375,C
845,0.0,3,male,17.0,0,0,8.6625,S
846,0.0,3,male,42.0,0,0,7.55,S
847,0.0,3,male,28.0,8,2,69.55,S
848,0.0,3,male,35.0,0,0,7.8958,C
849,0.0,2,male,28.0,0,1,33.0,S
850,1.0,1,female,28.0,1,0,89.1042,C
851,0.0,3,male,4.0,4,2,31.275,S
852,0.0,3,male,74.0,0,0,7.775,S
853,0.0,3,female,9.0,1,1,15.2458,C
854,1.0,1,female,16.0,0,1,39.4,S
855,0.0,2,female,44.0,1,0,26.0,S
856,1.0,3,female,18.0,0,1,9.35,S
857,1.0,1,female,45.0,1,1,164.8667,S
858,1.0,1,male,51.0,0,0,26.55,S
859,1.0,3,female,24.0,0,3,19.2583,C
860,0.0,3,male,28.0,0,0,7.2292,C
861,0.0,3,male,41.0,2,0,14.1083,S
862,0.0,2,male,21.0,1,0,11.5,S
863,1.0,1,female,48.0,0,0,25.9292,S
864,0.0,3,female,28.0,8,2,69.55,S
865,0.0,2,male,24.0,0,0,13.0,S
866,1.0,2,female,42.0,0,0,13.0,S
867,1.0,2,female,27.0,1,0,13.8583,C
868,0.0,1,male,31.0,0,0,50.4958,S
869,0.0,3,male,28.0,0,0,9.5,S
870,1.0,3,male,4.0,1,1,11.1333,S
871,0.0,3,male,26.0,0,0,7.8958,S
872,1.0,1,female,47.0,1,1,52.5542,S
873,0.0,1,male,33.0,0,0,5.0,S
874,0.0,3,male,47.0,0,0,9.0,S
875,1.0,2,female,28.0,1,0,24.0,C
876,1.0,3,female,15.0,0,0,7.225,C
877,0.0,3,male,20.0,0,0,9.8458,S
878,0.0,3,male,19.0,0,0,7.8958,S
879,0.0,3,male,28.0,0,0,7.8958,S
880,1.0,1,female,56.0,0,1,83.1583,C
881,1.0,2,female,25.0,0,1,26.0,S
882,0.0,3,male,33.0,0,0,7.8958,S
883,0.0,3,female,22.0,0,0,10.5167,S
884,0.0,2,male,28.0,0,0,10.5,S
885,0.0,3,male,25.0,0,0,7.05,S
886,0.0,3,female,39.0,0,5,29.125,Q
887,0.0,2,male,27.0,0,0,13.0,S
888,1.0,1,female,19.0,0,0,30.0,S
889,0.0,3,female,28.0,1,2,23.45,S
890,1.0,1,male,26.0,0,0,30.0,C
891,0.0,3,male,32.0,0,0,7.75,Q
892,0.0,3,male,34.5,0,0,7.8292,Q
893,0.0,3,female,47.0,1,0,7.0,S
894,0.0,2,male,62.0,0,0,9.6875,Q
895,0.0,3,male,27.0,0,0,8.6625,S
896,0.0,3,female,22.0,1,1,12.2875,S
897,0.0,3,male,14.0,0,0,9.225,S
898,0.0,3,female,30.0,0,0,7.6292,Q
899,0.0,2,male,26.0,1,1,29.0,S
900,0.0,3,female,18.0,0,0,7.2292,C
901,0.0,3,male,21.0,2,0,24.15,S
902,0.0,3,male,28.0,0,0,7.8958,S
903,0.0,1,male,46.0,0,0,26.0,S
904,0.0,1,female,23.0,1,0,82.2667,S
905,0.0,2,male,63.0,1,0,26.0,S
906,0.0,1,female,47.0,1,0,61.175,S
907,0.0,2,female,24.0,1,0,27.7208,C
908,0.0,2,male,35.0,0,0,12.35,Q
909,0.0,3,male,21.0,0,0,7.225,C
910,0.0,3,female,27.0,1,0,7.925,S
911,0.0,3,female,45.0,0,0,7.225,C
912,0.0,1,male,55.0,1,0,59.4,C
913,0.0,3,male,9.0,0,1,3.1708,S
914,0.0,1,female,28.0,0,0,31.6833,S
915,0.0,1,male,21.0,0,1,61.3792,C
916,0.0,1,female,48.0,1,3,262.375,C
917,0.0,3,male,50.0,1,0,14.5,S
918,0.0,1,female,22.0,0,1,61.9792,C
919,0.0,3,male,22.5,0,0,7.225,C
920,0.0,1,male,41.0,0,0,30.5,S
921,0.0,3,male,28.0,2,0,21.6792,C
922,0.0,2,male,50.0,1,0,26.0,S
923,0.0,2,male,24.0,2,0,31.5,S
924,0.0,3,female,33.0,1,2,20.575,S
925,0.0,3,female,28.0,1,2,23.45,S
926,0.0,1,male,30.0,1,0,57.75,C
927,0.0,3,male,18.5,0,0,7.2292,C
928,0.0,3,female,28.0,0,0,8.05,S
929,0.0,3,female,21.0,0,0,8.6625,S
930,0.0,3,male,25.0,0,0,9.5,S
931,0.0,3,male,28.0,0,0,56.4958,S
932,0.0,3,male,39.0,0,1,13.4167,C
933,0.0,1,male,28.0,0,0,26.55,S
934,0.0,3,male,41.0,0,0,7.85,S
935,0.0,2,female,30.0,0,0,13.0,S
936,0.0,1,female,45.0,1,0,52.5542,S
937,0.0,3,male,25.0,0,0,7.925,S
938,0.0,1,male,45.0,0,0,29.7,C
939,0.0,3,male,28.0,0,0,7.75,Q
940,0.0,1,female,60.0,0,0,76.2917,C
941,0.0,3,female,36.0,0,2,15.9,S
942,0.0,1,male,24.0,1,0,60.0,S
943,0.0,2,male,27.0,0,0,15.0333,C
944,0.0,2,female,20.0,2,1,23.0,S
945,0.0,1,female,28.0,3,2,263.0,S
946,0.0,2,male,28.0,0,0,15.5792,C
947,0.0,3,male,10.0,4,1,29.125,Q
948,0.0,3,male,35.0,0,0,7.8958,S
949,0.0,3,male,25.0,0,0,7.65,S
950,0.0,3,male,28.0,1,0,16.1,S
951,0.0,1,female,36.0,0,0,262.375,C
952,0.0,3,male,17.0,0,0,7.8958,S
953,0.0,2,male,32.0,0,0,13.5,S
954,0.0,3,male,18.0,0,0,7.75,S
955,0.0,3,female,22.0,0,0,7.725,Q
956,0.0,1,male,13.0,2,2,262.375,C
957,0.0,2,female,28.0,0,0,21.0,S
958,0.0,3,female,18.0,0,0,7.8792,Q
959,0.0,1,male,47.0,0,0,42.4,S
960,0.0,1,male,31.0,0,0,28.5375,C
961,0.0,1,female,60.0,1,4,263.0,S
962,0.0,3,female,24.0,0,0,7.75,Q
963,0.0,3,male,21.0,0,0,7.8958,S
964,0.0,3,female,29.0,0,0,7.925,S
965,0.0,1,male,28.5,0,0,27.7208,C
966,0.0,1,female,35.0,0,0,211.5,C
967,0.0,1,male,32.5,0,0,211.5,C
968,0.0,3,male,28.0,0,0,8.05,S
969,0.0,1,female,55.0,2,0,25.7,S
970,0.0,2,male,30.0,0,0,13.0,S
971,0.0,3,female,24.0,0,0,7.75,Q
972,0.0,3,male,6.0,1,1,15.2458,C
973,0.0,1,male,67.0,1,0,221.7792,S
974,0.0,1,male,49.0,0,0,26.0,S
975,0.0,3,male,28.0,0,0,7.8958,S
976,0.0,2,male,28.0,0,0,10.7083,Q
977,0.0,3,male,28.0,1,0,14.4542,C
978,0.0,3,female,27.0,0,0,7.8792,Q
979,0.0,3,female,18.0,0,0,8.05,S
980,0.0,3,female,28.0,0,0,7.75,Q
981,0.0,2,male,2.0,1,1,23.0,S
982,0.0,3,female,22.0,1,0,13.9,S
983,0.0,3,male,28.0,0,0,7.775,S
984,0.0,1,female,27.0,1,2,52.0,S
985,0.0,3,male,28.0,0,0,8.05,S
986,0.0,1,male,25.0,0,0,26.0,C
987,0.0,3,male,25.0,0,0,7.7958,S
988,0.0,1,female,76.0,1,0,78.85,S
989,0.0,3,male,29.0,0,0,7.925,S
990,0.0,3,female,20.0,0,0,7.8542,S
991,0.0,3,male,33.0,0,0,8.05,S
992,0.0,1,female,43.0,1,0,55.4417,C
993,0.0,2,male,27.0,1,0,26.0,S
994,0.0,3,male,28.0,0,0,7.75,Q
995,0.0,3,male,26.0,0,0,7.775,S
996,0.0,3,female,16.0,1,1,8.5167,C
997,0.0,3,male,28.0,0,0,22.525,S
998,0.0,3,male,21.0,0,0,7.8208,Q
999,0.0,3,male,28.0,0,0,7.75,Q
1000,0.0,3,male,28.0,0,0,8.7125,S
1001,0.0,2,male,18.5,0,0,13.0,S
1002,0.0,2,male,41.0,0,0,15.0458,C
1003,0.0,3,female,28.0,0,0,7.7792,Q
1004,0.0,1,female,36.0,0,0,31.6792,C
1005,0.0,3,female,18.5,0,0,7.2833,Q
1006,0.0,1,female,63.0,1,0,221.7792,S
1007,0.0,3,male,18.0,1,0,14.4542,C
1008,0.0,3,male,28.0,0,0,6.4375,C
1009,0.0,3,female,1.0,1,1,16.7,S
1010,0.0,1,male,36.0,0,0,75.2417,C
1011,0.0,2,female,29.0,1,0,26.0,S
1012,0.0,2,female,12.0,0,0,15.75,S
1013,0.0,3,male,28.0,1,0,7.75,Q
1014,0.0,1,female,35.0,1,0,57.75,C
1015,0.0,3,male,28.0,0,0,7.25,S
1016,0.0,3,male,28.0,0,0,7.75,Q
1017,0.0,3,female,17.0,0,1,16.1,S
1018,0.0,3,male,22.0,0,0,7.7958,S
1019,0.0,3,female,28.0,2,0,23.25,Q
1020,0.0,2,male,42.0,0,0,13.0,S
1021,0.0,3,male,24.0,0,0,8.05,S
1022,0.0,3,male,32.0,0,0,8.05,S
1023,0.0,1,male,53.0,0,0,28.5,C
1024,0.0,3,female,28.0,0,4,25.4667,S
1025,0.0,3,male,28.0,1,0,6.4375,C
1026,0.0,3,male,43.0,0,0,7.8958,S
1027,0.0,3,male,24.0,0,0,7.8542,S
1028,0.0,3,male,26.5,0,0,7.225,C
1029,0.0,2,male,26.0,0,0,13.0,S
1030,0.0,3,female,23.0,0,0,8.05,S
1031,0.0,3,male,40.0,1,6,46.9,S
1032,0.0,3,female,10.0,5,2,46.9,S
1033,0.0,1,female,33.0,0,0,151.55,S
1034,0.0,1,male,61.0,1,3,262.375,C
1035,0.0,2,male,28.0,0,0,26.0,S
1036,0.0,1,male,42.0,0,0,26.55,S
1037,0.0,3,male,31.0,3,0,18.0,S
1038,0.0,1,male,28.0,0,0,51.8625,S
1039,0.0,3,male,22.0,0,0,8.05,S
1040,0.0,1,male,28.0,0,0,26.55,S
1041,0.0,2,male,30.0,1,1,26.0,S
1042,0.0,1,female,23.0,0,1,83.1583,C
1043,0.0,3,male,28.0,0,0,7.8958,C
1044,0.0,3,male,60.5,0,0,14.4542,S
1045,0.0,3,female,36.0,0,2,12.1833,S
1046,0.0,3,male,13.0,4,2,31.3875,S
1047,0.0,3,male,24.0,0,0,7.55,S
1048,0.0,1,female,29.0,0,0,221.7792,S
1049,0.0,3,female,23.0,0,0,7.8542,S
1050,0.0,1,male,42.0,0,0,26.55,S
1051,0.0,3,female,26.0,0,2,13.775,S
1052,0.0,3,female,28.0,0,0,7.7333,Q
1053,0.0,3,male,7.0,1,1,15.2458,C
1054,0.0,2,female,26.0,0,0,13.5,S
1055,0.0,3,male,28.0,0,0,7.0,S
1056,0.0,2,male,41.0,0,0,13.0,S
1057,0.0,3,female,26.0,1,1,22.025,S
1058,0.0,1,male,48.0,0,0,50.4958,C
1059,0.0,3,male,18.0,2,2,34.375,S
1060,0.0,1,female,28.0,0,0,27.7208,C
1061,0.0,3,female,22.0,0,0,8.9625,S
1062,0.0,3,male,28.0,0,0,7.55,S
1063,0.0,3,male,27.0,0,0,7.225,C
1064,0.0,3,male,23.0,1,0,13.9,S
1065,0.0,3,male,28.0,0,0,7.2292,C
1066,0.0,3,male,40.0,1,5,31.3875,S
1067,0.0,2,female,15.0,0,2,39.0,S
1068,0.0,2,female,20.0,0,0,36.75,S
1069,0.0,1,male,54.0,1,0,55.4417,C
1070,0.0,2,female,36.0,0,3,39.0,S
1071,0.0,1,female,64.0,0,2,83.1583,C
1072,0.0,2,male,30.0,0,0,13.0,S
1073,0.0,1,male,37.0,1,1,83.1583,C
1074,0.0,1,female,18.0,1,0,53.1,S
1075,0.0,3,male,28.0,0,0,7.75,Q
1076,0.0,1,female,27.0,1,1,247.5208,C
1077,0.0,2,male,40.0,0,0,16.0,S
1078,0.0,2,female,21.0,0,1,21.0,S
1079,0.0,3,male,17.0,2,0,8.05,S
1080,0.0,3,female,28.0,8,2,69.55,S
1081,0.0,2,male,40.0,0,0,13.0,S
1082,0.0,2,male,34.0,1,0,26.0,S
1083,0.0,1,male,28.0,0,0,26.0,S
1084,0.0,3,male,11.5,1,1,14.5,S
1085,0.0,2,male,61.0,0,0,12.35,Q
1086,0.0,2,male,8.0,0,2,32.5,S
1087,0.0,3,male,33.0,0,0,7.8542,S
1088,0.0,1,male,6.0,0,2,134.5,C
1089,0.0,3,female,18.0,0,0,7.775,S
1090,0.0,2,male,23.0,0,0,10.5,S
1091,0.0,3,female,28.0,0,0,8.1125,S
1092,0.0,3,female,28.0,0,0,15.5,Q
1093,0.0,3,male,0.33,0,2,14.4,S
1094,0.0,1,male,47.0,1,0,227.525,C
1095,0.0,2,female,8.0,1,1,26.0,S
1096,0.0,2,male,25.0,0,0,10.5,S
1097,0.0,1,male,28.0,0,0,25.7417,C
1098,0.0,3,female,35.0,0,0,7.75,Q
1099,0.0,2,male,24.0,0,0,10.5,S
1100,0.0,1,female,33.0,0,0,27.7208,C
1101,0.0,3,male,25.0,0,0,7.8958,S
1102,0.0,3,male,32.0,0,0,22.525,S
1103,0.0,3,male,28.0,0,0,7.05,S
1104,0.0,2,male,17.0,0,0,73.5,S
1105,0.0,2,female,60.0,1,0,26.0,S
1106,0.0,3,female,38.0,4,2,7.775,S
1107,0.0,1,male,42.0,0,0,42.5,S
1108,0.0,3,female,28.0,0,0,7.8792,Q
1109,0.0,1,male,57.0,1,1,164.8667,S
1110,0.0,1,female,50.0,1,1,211.5,C
1111,0.0,3,male,28.0,0,0,8.05,S
1112,0.0,2,female,30.0,1,0,13.8583,C
1113,0.0,3,male,21.0,0,0,8.05,S
1114,0.0,2,female,22.0,0,0,10.5,S
1115,0.0,3,male,21.0,0,0,7.7958,S
1116,0.0,1,female,53.0,0,0,27.4458,C
1117,0.0,3,female,28.0,0,2,15.2458,C
1118,0.0,3,male,23.0,0,0,7.7958,S
1119,0.0,3,female,28.0,0,0,7.75,Q
1120,0.0,3,male,40.5,0,0,15.1,S
1121,0.0,2,male,36.0,0,0,13.0,S
1122,0.0,2,male,14.0,0,0,65.0,S
1123,0.0,1,female,21.0,0,0,26.55,S
1124,0.0,3,male,21.0,1,0,6.4958,S
1125,0.0,3,male,28.0,0,0,7.8792,Q
1126,0.0,1,male,39.0,1,0,71.2833,C
1127,0.0,3,male,20.0,0,0,7.8542,S
1128,0.0,1,male,64.0,1,0,75.25,C
1129,0.0,3,male,20.0,0,0,7.225,C
1130,0.0,2,female,18.0,1,1,13.0,S
1131,0.0,1,female,48.0,1,0,106.425,C
1132,0.0,1,female,55.0,0,0,27.7208,C
1133,0.0,2,female,45.0,0,2,30.0,S
1134,0.0,1,male,45.0,1,1,134.5,C
1135,0.0,3,male,28.0,0,0,7.8875,S
1136,0.0,3,male,28.0,1,2,23.45,S
1137,0.0,1,male,41.0,1,0,51.8625,S
1138,0.0,2,female,22.0,0,0,21.0,S
1139,0.0,2,male,42.0,1,1,32.5,S
1140,0.0,2,female,29.0,1,0,26.0,S
1141,0.0,3,female,28.0,1,0,14.4542,C
1142,0.0,2,female,0.92,1,2,27.75,S
1143,0.0,3,male,20.0,0,0,7.925,S
1144,0.0,1,male,27.0,1,0,136.7792,C
1145,0.0,3,male,24.0,0,0,9.325,S
1146,0.0,3,male,32.5,0,0,9.5,S
1147,0.0,3,male,28.0,0,0,7.55,S
1148,0.0,3,male,28.0,0,0,7.75,Q
1149,0.0,3,male,28.0,0,0,8.05,S
1150,0.0,2,female,19.0,0,0,13.0,S
1151,0.0,3,male,21.0,0,0,7.775,S
1152,0.0,3,male,36.5,1,0,17.4,S
1153,0.0,3,male,21.0,0,0,7.8542,S
1154,0.0,2,female,29.0,0,2,23.0,S
1155,0.0,3,female,1.0,1,1,12.1833,S
1156,0.0,2,male,30.0,0,0,12.7375,C
1157,0.0,3,male,28.0,0,0,7.8958,S
1158,0.0,1,male,28.0,0,0,0.0,S
1159,0.0,3,male,28.0,0,0,7.55,S
1160,0.0,3,female,28.0,0,0,8.05,S
1161,0.0,3,male,17.0,0,0,8.6625,S
1162,0.0,1,male,46.0,0,0,75.2417,C
1163,0.0,3,male,28.0,0,0,7.75,Q
1164,0.0,1,female,26.0,1,0,136.7792,C
1165,0.0,3,female,28.0,1,0,15.5,Q
1166,0.0,3,male,28.0,0,0,7.225,C
1167,0.0,2,female,20.0,1,0,26.0,S
1168,0.0,2,male,28.0,0,0,10.5,S
1169,0.0,2,male,40.0,1,0,26.0,S
1170,0.0,2,male,30.0,1,0,21.0,S
1171,0.0,2,male,22.0,0,0,10.5,S
1172,0.0,3,female,23.0,0,0,8.6625,S
1173,0.0,3,male,0.75,1,1,13.775,S
1174,0.0,3,female,28.0,0,0,7.75,Q
1175,0.0,3,female,9.0,1,1,15.2458,C
1176,0.0,3,female,2.0,1,1,20.2125,S
1177,0.0,3,male,36.0,0,0,7.25,S
1178,0.0,3,male,28.0,0,0,7.25,S
1179,0.0,1,male,24.0,1,0,82.2667,S
1180,0.0,3,male,28.0,0,0,7.2292,C
1181,0.0,3,male,28.0,0,0,8.05,S
1182,0.0,1,male,28.0,0,0,39.6,S
1183,0.0,3,female,30.0,0,0,6.95,Q
1184,0.0,3,male,28.0,0,0,7.2292,C
1185,0.0,1,male,53.0,1,1,81.8583,S
1186,0.0,3,male,36.0,0,0,9.5,S
1187,0.0,3,male,26.0,0,0,7.8958,S
1188,0.0,2,female,1.0,1,2,41.5792,C
1189,0.0,3,male,28.0,2,0,21.6792,C
1190,0.0,1,male,30.0,0,0,45.5,S
1191,0.0,3,male,29.0,0,0,7.8542,S
1192,0.0,3,male,32.0,0,0,7.775,S
1193,0.0,2,male,28.0,0,0,15.0458,C
1194,0.0,2,male,43.0,0,1,21.0,S
1195,0.0,3,male,24.0,0,0,8.6625,S
1196,0.0,3,female,28.0,0,0,7.75,Q
1197,0.0,1,female,64.0,1,1,26.55,S
1198,0.0,1,male,30.0,1,2,151.55,S
1199,0.0,3,male,0.83,0,1,9.35,S
1200,0.0,1,male,55.0,1,1,93.5,S
1201,0.0,3,female,45.0,1,0,14.1083,S
1202,0.0,3,male,18.0,0,0,8.6625,S
1203,0.0,3,male,22.0,0,0,7.225,C
1204,0.0,3,male,28.0,0,0,7.575,S
1205,0.0,3,female,37.0,0,0,7.75,Q
1206,0.0,1,female,55.0,0,0,135.6333,C
1207,0.0,3,female,17.0,0,0,7.7333,Q
1208,0.0,1,male,57.0,1,0,146.5208,C
1209,0.0,2,male,19.0,0,0,10.5,S
1210,0.0,3,male,27.0,0,0,7.8542,S
1211,0.0,2,male,22.0,2,0,31.5,S
1212,0.0,3,male,26.0,0,0,7.775,S
1213,0.0,3,male,25.0,0,0,7.2292,C
1214,0.0,2,male,26.0,0,0,13.0,S
1215,0.0,1,male,33.0,0,0,26.55,S
1216,0.0,1,female,39.0,0,0,211.3375,S
1217,0.0,3,male,23.0,0,0,7.05,S
1218,0.0,2,female,12.0,2,1,39.0,S
1219,0.0,1,male,46.0,0,0,79.2,C
1220,0.0,2,male,29.0,1,0,26.0,S
1221,0.0,2,male,21.0,0,0,13.0,S
1222,0.0,2,female,48.0,0,2,36.75,S
1223,0.0,1,male,39.0,0,0,29.7,C
1224,0.0,3,male,28.0,0,0,7.225,C
1225,0.0,3,female,19.0,1,1,15.7417,C
1226,0.0,3,male,27.0,0,0,7.8958,S
1227,0.0,1,male,30.0,0,0,26.0,S
1228,0.0,2,male,32.0,0,0,13.0,S
1229,0.0,3,male,39.0,0,2,7.2292,C
1230,0.0,2,male,25.0,0,0,31.5,S
1231,0.0,3,male,28.0,0,0,7.2292,C
1232,0.0,2,male,18.0,0,0,10.5,S
1233,0.0,3,male,32.0,0,0,7.5792,S
1234,0.0,3,male,28.0,1,9,69.55,S
1235,0.0,1,female,58.0,0,1,512.3292,C
1236,0.0,3,male,28.0,1,1,14.5,S
1237,0.0,3,female,16.0,0,0,7.65,S
1238,0.0,2,male,26.0,0,0,13.0,S
1239,0.0,3,female,38.0,0,0,7.2292,C
1240,0.0,2,male,24.0,0,0,13.5,S
1241,0.0,2,female,31.0,0,0,21.0,S
1242,0.0,1,female,45.0,0,1,63.3583,C
1243,0.0,2,male,25.0,0,0,10.5,S
1244,0.0,2,male,18.0,0,0,73.5,S
1245,0.0,2,male,49.0,1,2,65.0,S
1246,0.0,3,female,0.17,1,2,20.575,S
1247,0.0,1,male,50.0,0,0,26.0,S
1248,0.0,1,female,59.0,2,0,51.4792,S
1249,0.0,3,male,28.0,0,0,7.8792,S
1250,0.0,3,male,28.0,0,0,7.75,Q
1251,0.0,3,female,30.0,1,0,15.55,S
1252,0.0,3,male,14.5,8,2,69.55,S
1253,0.0,2,female,24.0,1,1,37.0042,C
1254,0.0,2,female,31.0,0,0,21.0,S
1255,0.0,3,male,27.0,0,0,8.6625,S
1256,0.0,1,female,25.0,1,0,55.4417,C
1257,0.0,3,female,28.0,1,9,69.55,S
1258,0.0,3,male,28.0,1,0,14.4583,C
1259,0.0,3,female,22.0,0,0,39.6875,S
1260,0.0,1,female,45.0,0,1,59.4,C
1261,0.0,2,male,29.0,0,0,13.8583,C
1262,0.0,2,male,21.0,1,0,11.5,S
1263,0.0,1,female,31.0,0,0,134.5,C
1264,0.0,1,male,49.0,0,0,0.0,S
1265,0.0,2,male,44.0,0,0,13.0,S
1266,0.0,1,female,54.0,1,1,81.8583,S
1267,0.0,1,female,45.0,0,0,262.375,C
1268,0.0,3,female,22.0,2,0,8.6625,S
1269,0.0,2,male,21.0,0,0,11.5,S
1270,0.0,1,male,55.0,0,0,50.0,S
1271,0.0,3,male,5.0,4,2,31.3875,S
1272,0.0,3,male,28.0,0,0,7.75,Q
1273,0.0,3,male,26.0,0,0,7.8792,Q
1274,0.0,3,female,28.0,0,0,14.5,S
1275,0.0,3,female,19.0,1,0,16.1,S
1276,0.0,2,male,28.0,0,0,12.875,S
1277,0.0,2,female,24.0,1,2,65.0,S
1278,0.0,3,male,24.0,0,0,7.775,S
1279,0.0,2,male,57.0,0,0,13.0,S
1280,0.0,3,male,21.0,0,0,7.75,Q
1281,0.0,3,male,6.0,3,1,21.075,S
1282,0.0,1,male,23.0,0,0,93.5,S
1283,0.0,1,female,51.0,0,1,39.4,S
1284,0.0,3,male,13.0,0,2,20.25,S
1285,0.0,2,male,47.0,0,0,10.5,S
1286,0.0,3,male,29.0,3,1,22.025,S
1287,0.0,1,female,18.0,1,0,60.0,S
1288,0.0,3,male,24.0,0,0,7.25,Q
1289,0.0,1,female,48.0,1,1,79.2,C
1290,0.0,3,male,22.0,0,0,7.775,S
1291,0.0,3,male,31.0,0,0,7.7333,Q
1292,0.0,1,female,30.0,0,0,164.8667,S
1293,0.0,2,male,38.0,1,0,21.0,S
1294,0.0,1,female,22.0,0,1,59.4,C
1295,0.0,1,male,17.0,0,0,47.1,S
1296,0.0,1,male,43.0,1,0,27.7208,C
1297,0.0,2,male,20.0,0,0,13.8625,C
1298,0.0,2,male,23.0,1,0,10.5,S
1299,0.0,1,male,50.0,1,1,211.5,C
1300,0.0,3,female,28.0,0,0,7.7208,Q
1301,0.0,3,female,3.0,1,1,13.775,S
1302,0.0,3,female,28.0,0,0,7.75,Q
1303,0.0,1,female,37.0,1,0,90.0,Q
1304,0.0,3,female,28.0,0,0,7.775,S
1305,0.0,3,male,28.0,0,0,8.05,S
1306,0.0,1,female,39.0,0,0,108.9,C
1307,0.0,3,male,38.5,0,0,7.25,S
1308,0.0,3,male,28.0,0,0,8.05,S
1309,0.0,3,male,28.0,1,1,22.3583,C
